{"cameraMode":{"drawMode":0,"name":"Shaded","section":"Shading Mode"},"sceneLighting":false,"audioPlay":false,"sceneViewState":{"m_AlwaysRefresh":false,"showFog":true,"showSkybox":false,"showFlares":true,"showImageEffects":true,"showParticleSystems":true,"showVisualEffectGraphs":true,"m_FxEnabled":true},"in2DMode":false,"pivot":{"x":0.711580753326416,"y":2.1540167331695558,"z":0.7537238001823425},"rotation":{"x":-0.04794493690133095,"y":-0.9491994976997376,"z":0.25444161891937258,"w":-0.17890185117721559},"size":2.650024175643921,"orthographic":false}