{"cameraMode":{"drawMode":0,"name":"Shaded","section":"Shading Mode"},"sceneLighting":false,"audioPlay":false,"sceneViewState":{"m_AlwaysRefresh":false,"showFog":true,"showSkybox":false,"showFlares":true,"showImageEffects":true,"showParticleSystems":true,"showVisualEffectGraphs":true,"m_FxEnabled":true},"in2DMode":false,"pivot":{"x":1.1920928955078126e-7,"y":0.6116964221000671,"z":-0.27310919761657717},"rotation":{"x":0.025765512138605119,"y":-0.2174571007490158,"z":0.0057375007309019569,"w":0.9757183194160461},"size":2.650024175643921,"orthographic":false}