{"cameraMode":{"drawMode":0,"name":"Shaded","section":"Shading Mode"},"sceneLighting":false,"audioPlay":false,"sceneViewState":{"m_AlwaysRefresh":false,"showFog":true,"showSkybox":false,"showFlares":true,"showImageEffects":true,"showParticleSystems":true,"showVisualEffectGraphs":true,"m_FxEnabled":true},"in2DMode":false,"pivot":{"x":1.1920928955078126e-7,"y":0.6116964221000671,"z":-0.27310919761657717},"rotation":{"x":0.30741921067237856,"y":-0.3892131447792053,"z":0.13960586488246919,"w":0.8570457696914673},"size":2.650024175643921,"orthographic":false}