{"cameraMode":{"drawMode":0,"name":"Shaded","section":"Shading Mode"},"sceneLighting":false,"audioPlay":false,"sceneViewState":{"m_AlwaysRefresh":false,"showFog":true,"showSkybox":false,"showFlares":true,"showImageEffects":true,"showParticleSystems":true,"showVisualEffectGraphs":true,"m_FxEnabled":true},"in2DMode":false,"pivot":{"x":-0.22877025604248048,"y":1.7451939582824708,"z":0.36528709530830386},"rotation":{"x":-0.02308974228799343,"y":-0.027274811640381814,"z":-0.0006314603378996253,"w":0.999369740486145},"size":2.650024175643921,"orthographic":false}